link,title
https://jobs.bdjobs.com/jobdetails.asp?id=1006855&fcatId=1&ln=1,Junior Executive (Cash & Billing)
https://jobs.bdjobs.com/jobdetails.asp?id=1006862&fcatId=1&ln=1,Asst. Officer / Officer (Audit)
https://jobs.bdjobs.com/jobdetails.asp?id=1006838&fcatId=1&ln=1,Assistant Manager - Reporting & Budget
https://jobs.bdjobs.com/jobdetails.asp?id=1006852&fcatId=1&ln=1,Senior Executive - Finance
https://jobs.bdjobs.com/jobdetails.asp?id=1006840&fcatId=1&ln=2,জুনিয়র একাউন্টস অফিসার
https://jobs.bdjobs.com/jobdetails.asp?id=1006800&fcatId=1&ln=1,Officer (Accounts)
https://jobs.bdjobs.com/jobdetails.asp?id=1006816&fcatId=1&ln=1,Finance & Admin Officer
https://jobs.bdjobs.com/jobdetails.asp?id=1006782&fcatId=1&ln=1,Accounts Officer
https://jobs.bdjobs.com/jobdetails.asp?id=1006713&fcatId=1&ln=2,কম্পিউটার অপারেটর
https://jobs.bdjobs.com/jobdetails.asp?id=1006778&fcatId=1&ln=1,Sr. Executive/ Asst. Manager - Finance and Accounting
https://jobs.bdjobs.com/jobdetails.asp?id=1006647&fcatId=1&ln=1,Deputy Manager/Assistant Manager - Internal Control & Compliance
https://jobs.bdjobs.com/jobdetails.asp?id=1006705&fcatId=1&ln=1,Project Manager (Female)
https://jobs.bdjobs.com/jobdetails.asp?id=1006546&fcatId=1&ln=1,Accounts/ Commercial Executive
https://jobs.bdjobs.com/jobdetails.asp?id=1006685&fcatId=1&ln=1,Sr. Executive /Asst. Manager - Internal Audit
https://jobs.bdjobs.com/jobdetails.asp?id=1006550&fcatId=1&ln=1,Assistant Finance & Admin - MAMOTA Project
https://jobs.bdjobs.com/jobdetails.asp?id=1006591&fcatId=1&ln=1,Officer - Accounts & Finance
https://jobs.bdjobs.com/jobdetails.asp?id=1006552&fcatId=1&ln=1,Junior Executive/ Executive - Store (Food & Beverage) at Fantasy Kingdom Complex
https://jobs.bdjobs.com/jobdetails.asp?id=1006558&fcatId=1&ln=1,Assistant to AGM (Female)
https://jobs.bdjobs.com/jobdetails.asp?id=1006547&fcatId=1&ln=1,Assistant to Director (Female)
https://jobs.bdjobs.com/jobdetails.asp?id=1006886&fcatId=3&ln=1,Project Head (Logistics & Procurement)
https://jobs.bdjobs.com/jobdetails.asp?id=1003871&fcatId=3&ln=1,PUD Manager/Branch In-Charge
https://jobs.bdjobs.com/jobdetails.asp?id=1006870&fcatId=3&ln=1,Salesman (FMCG)
https://jobs.bdjobs.com/jobdetails.asp?id=1006663&fcatId=3&ln=1,Lead Engineer/ Engineer - Technology & Software
https://jobs.bdjobs.com/jobdetails.asp?id=1006844&fcatId=3&ln=1,Jr. Executive (Supply Chain Management)
https://jobs.bdjobs.com/jobdetails.asp?id=1006827&fcatId=3&ln=1,Executive/ Senior Executive - Supply Chain Management (Real Estate & Construction Items)
https://jobs.bdjobs.com/jobdetails.asp?id=1006773&fcatId=3&ln=1,Distribution Officer (In-charge)
https://jobs.bdjobs.com/jobdetails.asp?id=1006801&fcatId=3&ln=1,Executive - Commercial (Custom Bond)
https://jobs.bdjobs.com/jobdetails.asp?id=1006751&fcatId=3&ln=2,"হেলপার, স্টোর, ই-কমার্স"
https://jobs.bdjobs.com/jobdetails.asp?id=1006665&fcatId=3&ln=1,Executive (Commercial)
https://jobs.bdjobs.com/jobdetails.asp?id=1006646&fcatId=3&ln=1,Assistant Manager/ Deputy Manager - Supply Chain Management
https://jobs.bdjobs.com/jobdetails.asp?id=1006692&fcatId=3&ln=1,Executive - Procurement
https://jobs.bdjobs.com/jobdetails.asp?id=1006689&fcatId=3&ln=1,Deputy Manager/Manager - Integrated Planner
https://jobs.bdjobs.com/jobdetails.asp?id=1006661&fcatId=3&ln=1,Jr. Executive - Supply Chain
https://jobs.bdjobs.com/jobdetails.asp?id=1006616&fcatId=3&ln=1,"Manager/Asst. Manager, Store"
https://jobs.bdjobs.com/jobdetails.asp?id=1006604&fcatId=3&ln=1,Trainee Commercial Executive
https://jobs.bdjobs.com/jobdetails.asp?id=1006641&fcatId=3&ln=1,Store Asst. Manager - Inventory
https://jobs.bdjobs.com/jobdetails.asp?id=1006594&fcatId=3&ln=1,Sr. Executive/ Executive - Commercial (Woven Garments)
https://jobs.bdjobs.com/jobdetails.asp?id=1006603&fcatId=3&ln=1,"Assistant General Manager/ Deputy General Manager, SCM"
https://jobs.bdjobs.com/jobdetails.asp?id=1006557&fcatId=3&ln=1,Head/Deputy Head - Fulfillment Center (FC)
https://jobs.bdjobs.com/jobdetails.asp?id=1006885&fcatId=19&ln=1,Eye Drop Checker
https://jobs.bdjobs.com/jobdetails.asp?id=1006879&fcatId=19&ln=1,Assistant/ Deputy Production Manager
https://jobs.bdjobs.com/jobdetails.asp?id=1006804&fcatId=19&ln=1,"Deputy Chief Engineer/ Executive Engineer (Operations), Seed Crushing Unit"
https://jobs.bdjobs.com/jobdetails.asp?id=1006767&fcatId=19&ln=1,Executive Director
https://jobs.bdjobs.com/jobdetails.asp?id=1006681&fcatId=19&ln=1,Assistant Manager/ Manager - Production
https://jobs.bdjobs.com/jobdetails.asp?id=1006619&fcatId=19&ln=1,Sr. Quality Assurance Officer
https://jobs.bdjobs.com/jobdetails.asp?id=1006642&fcatId=19&ln=1,PM (Production)
https://jobs.bdjobs.com/jobdetails.asp?id=1006555&fcatId=19&ln=1,Factory Production Manager
https://jobs.bdjobs.com/jobdetails.asp?id=1006562&fcatId=19&ln=1,Industrial Engineer
https://jobs.bdjobs.com/jobdetails.asp?id=1006548&fcatId=19&ln=1,Sub Assistant Engineer (Production & Maintenance)
https://jobs.bdjobs.com/jobdetails.asp?id=1006540&fcatId=19&ln=1,Assistant Manager (Production)
https://jobs.bdjobs.com/jobdetails.asp?id=1006535&fcatId=19&ln=1,Assistant Manager/ Deputy Manager - Production
https://jobs.bdjobs.com/jobdetails.asp?id=1006517&fcatId=19&ln=1,"Officer, QA"
https://jobs.bdjobs.com/jobdetails.asp?id=1006445&fcatId=19&ln=1,"Manager - Site Acquisition, Wireless Network"
https://jobs.bdjobs.com/jobdetails.asp?id=1006388&fcatId=19&ln=1,Shift Supervisor
https://jobs.bdjobs.com/jobdetails.asp?id=1006095&fcatId=19&ln=1,Superviser (Production)
https://jobs.bdjobs.com/jobdetails.asp?id=1006298&fcatId=19&ln=1,Chief Executive Officer (C.E.O)
https://jobs.bdjobs.com/jobdetails.asp?id=1006239&fcatId=19&ln=1,Line Asst./ Operator
https://jobs.bdjobs.com/jobdetails.asp?id=1006218&fcatId=19&ln=1,Engineer (Slider)
https://jobs.bdjobs.com/jobdetails.asp?id=1006030&fcatId=19&ln=1,Quality Engineer/ Supervisor
https://jobs.bdjobs.com/jobdetails.asp?id=1006754&fcatId=18&ln=2,"ফটো এডিটর, ই-কমার্স"
https://jobs.bdjobs.com/jobdetails.asp?id=1006747&fcatId=18&ln=2,"স্টুডিও হেল্পার, ই-কমার্স"
https://jobs.bdjobs.com/jobdetails.asp?id=1005986&fcatId=18&ln=3,Junior/ Senior Graphics Designer
https://jobs.bdjobs.com/jobdetails.asp?id=1006682&fcatId=18&ln=1,Creative Visualizer
https://jobs.bdjobs.com/jobdetails.asp?id=1006664&fcatId=18&ln=1,Visual Storyteller
https://jobs.bdjobs.com/jobdetails.asp?id=1006721&fcatId=18&ln=1,Post Artist Still - Photoshop
https://jobs.bdjobs.com/jobdetails.asp?id=1006667&fcatId=18&ln=1,Assistant Manager - Graphic (Creative Design Section)
https://jobs.bdjobs.com/jobdetails.asp?id=1006385&fcatId=18&ln=1,Designer (Research & Development)
https://jobs.bdjobs.com/jobdetails.asp?id=1006376&fcatId=18&ln=1,Graphic Designer
https://jobs.bdjobs.com/jobdetails.asp?id=1006359&fcatId=18&ln=1,2D/ 3D Sr. Visualizer
https://jobs.bdjobs.com/jobdetails.asp?id=1006353&fcatId=18&ln=1,Fashion Designer (For Knit Garments)
https://jobs.bdjobs.com/jobdetails.asp?id=1006322&fcatId=18&ln=1,3D Operator
https://jobs.bdjobs.com/jobdetails.asp?id=1005613&fcatId=18&ln=1,Fashion Designer (Expertise on kids dress/wear)
https://jobs.bdjobs.com/jobdetails.asp?id=1005861&fcatId=18&ln=1,Graphic Designer
https://jobs.bdjobs.com/jobdetails.asp?id=1005687&fcatId=18&ln=1,Executive: Social media & Graphic Design
https://jobs.bdjobs.com/jobdetails.asp?id=1005869&fcatId=18&ln=1,Fashion Consultant
https://jobs.bdjobs.com/jobdetails.asp?id=1005904&fcatId=18&ln=1,GRAPHICS DESIGNER - BANGLADESH
https://jobs.bdjobs.com/jobdetails.asp?id=1005871&fcatId=18&ln=1,Jr. Graphic Designer/Graphic Designer
https://jobs.bdjobs.com/jobdetails.asp?id=1005858&fcatId=18&ln=1,Graphics Designer (Offset Printing Project)
https://jobs.bdjobs.com/jobdetails.asp?id=1005856&fcatId=18&ln=1,Graphic Designer
https://jobs.bdjobs.com/jobdetails.asp?id=1006831&fcatId=7&ln=1,Manager - HR & Admin
https://jobs.bdjobs.com/jobdetails.asp?id=1006875&fcatId=7&ln=1,Manager (Building Management)
https://jobs.bdjobs.com/jobdetails.asp?id=1005750&fcatId=7&ln=1,General Manager (International/Local Tender Sourcing)
https://jobs.bdjobs.com/jobdetails.asp?id=1006774&fcatId=7&ln=1,Assistant Officer (Sales Admin)
https://jobs.bdjobs.com/jobdetails.asp?id=1006762&fcatId=7&ln=1,Officer - Transport
https://jobs.bdjobs.com/jobdetails.asp?id=1006652&fcatId=7&ln=1,General Affairs
https://jobs.bdjobs.com/jobdetails.asp?id=1006640&fcatId=7&ln=1,Accounts & Admin Officer (ASR for EMWG Project)
https://jobs.bdjobs.com/jobdetails.asp?id=1006634&fcatId=7&ln=1,Officer - Admin
https://jobs.bdjobs.com/jobdetails.asp?id=1006629&fcatId=7&ln=1,Sr. Executive/ Asst. Manager - Co-ordination
https://jobs.bdjobs.com/jobdetails.asp?id=1006533&fcatId=7&ln=1,ATM Officer
https://jobs.bdjobs.com/jobdetails.asp?id=1006518&fcatId=7&ln=1,Deputy General Manager/ General Manager
https://jobs.bdjobs.com/jobdetails.asp?id=1006448&fcatId=7&ln=1,Executive Assistant
https://jobs.bdjobs.com/jobdetails.asp?id=1006411&fcatId=7&ln=2,Manager
https://jobs.bdjobs.com/jobdetails.asp?id=1006256&fcatId=7&ln=3,Junior Management Assistant (Female)
https://jobs.bdjobs.com/jobdetails.asp?id=1006110&fcatId=7&ln=1,Administrator
https://jobs.bdjobs.com/jobdetails.asp?id=1006229&fcatId=7&ln=1,Manager-Raw Materials Store (Ceramic)
https://jobs.bdjobs.com/jobdetails.asp?id=1006260&fcatId=7&ln=1,Patient Care Supervisor
https://jobs.bdjobs.com/jobdetails.asp?id=1005710&fcatId=7&ln=1,"Director, HR/ Admin & Compliance"
https://jobs.bdjobs.com/jobdetails.asp?id=1006092&fcatId=7&ln=1,Admin Executive
https://jobs.bdjobs.com/jobdetails.asp?id=1006197&fcatId=7&ln=1,Program Development Officer (PDO) cum Admin Officer
https://jobs.bdjobs.com/jobdetails.asp?id=1006831&fcatId=17&ln=1,Manager - HR & Admin
https://jobs.bdjobs.com/jobdetails.asp?id=1006473&fcatId=17&ln=1,Admin For Travel Agency
https://jobs.bdjobs.com/jobdetails.asp?id=1006858&fcatId=17&ln=1,"Assistant Executive/ Executive (HR & Admin), Factory"
https://jobs.bdjobs.com/jobdetails.asp?id=1006857&fcatId=17&ln=1,Officer/ Sr. Officer (HR  & Admin)
https://jobs.bdjobs.com/jobdetails.asp?id=1006818&fcatId=17&ln=1,"HR Officer, (Department-HRD)"
https://jobs.bdjobs.com/jobdetails.asp?id=1006780&fcatId=17&ln=1,Sr. Executive/ Executive - HR
https://jobs.bdjobs.com/jobdetails.asp?id=1006635&fcatId=17&ln=1,Officer - HR & Admin
https://jobs.bdjobs.com/jobdetails.asp?id=1006628&fcatId=17&ln=1,Assistant Manager/ Deputy Manager - Total Rewards
https://jobs.bdjobs.com/jobdetails.asp?id=1006630&fcatId=17&ln=1,Executive (Front Desk)
https://jobs.bdjobs.com/jobdetails.asp?id=1006618&fcatId=17&ln=1,Executive - Human Resources
https://jobs.bdjobs.com/jobdetails.asp?id=1006574&fcatId=17&ln=1,Asst. Manager/ Deputy Manager - HR
https://jobs.bdjobs.com/jobdetails.asp?id=1006551&fcatId=17&ln=1,"Officer, Human Resources (Hobirbabri Site)"
https://jobs.bdjobs.com/jobdetails.asp?id=1006494&fcatId=17&ln=1,Head of HR
https://jobs.bdjobs.com/jobdetails.asp?id=1006478&fcatId=17&ln=1,Manager - Human Resources
https://jobs.bdjobs.com/jobdetails.asp?id=1006395&fcatId=17&ln=3,Officer - HRD
https://jobs.bdjobs.com/jobdetails.asp?id=1006328&fcatId=17&ln=1,Coordinator
https://jobs.bdjobs.com/jobdetails.asp?id=1006289&fcatId=17&ln=1,Sr. Executive/ Asst. Manager - Admin & HR (for Jute Mill)
https://jobs.bdjobs.com/jobdetails.asp?id=1006275&fcatId=17&ln=1,Human Resources Assistant - Recruitment
https://jobs.bdjobs.com/jobdetails.asp?id=1006202&fcatId=17&ln=1,Assistant - HR
https://jobs.bdjobs.com/jobdetails.asp?id=1006118&fcatId=17&ln=1,Housekeeping Supervisor
https://jobs.bdjobs.com/jobdetails.asp?id=1006823&fcatId=4&ln=1,Teacher (for Class Four & Five)
https://jobs.bdjobs.com/jobdetails.asp?id=1006769&fcatId=4&ln=1,Secretary
https://jobs.bdjobs.com/jobdetails.asp?id=1006756&fcatId=4&ln=3,Lecturer
https://jobs.bdjobs.com/jobdetails.asp?id=1006753&fcatId=4&ln=3,Assistant Professor
https://jobs.bdjobs.com/jobdetails.asp?id=1006743&fcatId=4&ln=3,Associate Professor
https://jobs.bdjobs.com/jobdetails.asp?id=1006706&fcatId=4&ln=3,Senior Counsalor/Counselor
https://jobs.bdjobs.com/jobdetails.asp?id=1006567&fcatId=4&ln=1,Teacher
https://jobs.bdjobs.com/jobdetails.asp?id=1006654&fcatId=4&ln=1,Assistant Teacher
https://jobs.bdjobs.com/jobdetails.asp?id=1006450&fcatId=4&ln=1,International Student Counselor
https://jobs.bdjobs.com/jobdetails.asp?id=1006347&fcatId=4&ln=2,"সহকারী শিক্ষক (ইংরেজি, বিজ্ঞান)"
https://jobs.bdjobs.com/jobdetails.asp?id=1006368&fcatId=4&ln=2,সহকারী শিক্ষক/ শিক্ষিকা
https://jobs.bdjobs.com/jobdetails.asp?id=1006338&fcatId=4&ln=2,জুনিয়র  শিক্ষক/ শিক্ষিকা
https://jobs.bdjobs.com/jobdetails.asp?id=1006335&fcatId=4&ln=2,সহকারী  শিক্ষক/ শিক্ষিকা (বিষয় ভিত্তিক)
https://jobs.bdjobs.com/jobdetails.asp?id=1006333&fcatId=4&ln=2,সিনিয়র শিক্ষক/ শিক্ষিকা
https://jobs.bdjobs.com/jobdetails.asp?id=1006327&fcatId=4&ln=2,কো-অর্ডিনেটর (ক্যাম্পাস প্রধান)
https://jobs.bdjobs.com/jobdetails.asp?id=1006311&fcatId=4&ln=2,অফিস সহকারী (পুরুষ/ মহিলা)
https://jobs.bdjobs.com/jobdetails.asp?id=1006310&fcatId=4&ln=2,হিফজ শিক্ষক (পুরুষ/ মহিলা)
https://jobs.bdjobs.com/jobdetails.asp?id=1006305&fcatId=4&ln=2,"সহকারী শিক্ষক(পুরুষ/ মহিলা) আরবী, বাংলা, ইংরেজী গণিত"
https://jobs.bdjobs.com/jobdetails.asp?id=1006303&fcatId=4&ln=2,ভাইস প্রিন্সিপাল (পুরুষ/ মহিলা)
https://jobs.bdjobs.com/jobdetails.asp?id=1006299&fcatId=4&ln=2,প্রিন্সিপাল
https://jobs.bdjobs.com/jobdetails.asp?id=1005795&fcatId=20&ln=1,"Co-ordinator  (Ticketing, Sales, Visa Processing)"
https://jobs.bdjobs.com/jobdetails.asp?id=1006869&fcatId=20&ln=2,শেফ
https://jobs.bdjobs.com/jobdetails.asp?id=1006867&fcatId=20&ln=1,General Manager
https://jobs.bdjobs.com/jobdetails.asp?id=1006699&fcatId=20&ln=1,Security Guard
https://jobs.bdjobs.com/jobdetails.asp?id=1006798&fcatId=20&ln=1,Corporate Travel Consultant
https://jobs.bdjobs.com/jobdetails.asp?id=1006749&fcatId=20&ln=1,Sales Executive / Sr. Sales Executive
https://jobs.bdjobs.com/jobdetails.asp?id=1006712&fcatId=20&ln=2,দক্ষ বারিস্তা
https://jobs.bdjobs.com/jobdetails.asp?id=1006559&fcatId=20&ln=1,Travel Associate
https://jobs.bdjobs.com/jobdetails.asp?id=1006492&fcatId=20&ln=2,ওয়েটার - ফুড এন্ড বেভারেজ সার্ভিস
https://jobs.bdjobs.com/jobdetails.asp?id=1006429&fcatId=20&ln=1,Manager/Senior Counselor
https://jobs.bdjobs.com/jobdetails.asp?id=1006413&fcatId=20&ln=2,বাবুর্চি
https://jobs.bdjobs.com/jobdetails.asp?id=1006411&fcatId=20&ln=2,Manager
https://jobs.bdjobs.com/jobdetails.asp?id=1006394&fcatId=20&ln=2,সার্ভিস ম্যান
https://jobs.bdjobs.com/jobdetails.asp?id=1006393&fcatId=20&ln=2,সহকারী শেফ
https://jobs.bdjobs.com/jobdetails.asp?id=1006392&fcatId=20&ln=2,সহকারী পিজ্জা/ পাস্তা শেফ
https://jobs.bdjobs.com/jobdetails.asp?id=1006321&fcatId=20&ln=1,Assistant Accountant - SKS Inn
https://jobs.bdjobs.com/jobdetails.asp?id=1006280&fcatId=20&ln=1,Housekeeping Supervisor
https://jobs.bdjobs.com/jobdetails.asp?id=1006259&fcatId=20&ln=1,Executive - Sales and Reservation
https://jobs.bdjobs.com/jobdetails.asp?id=1006228&fcatId=20&ln=1,Student Consultant
https://jobs.bdjobs.com/jobdetails.asp?id=1006122&fcatId=20&ln=3,Assistant Manager - Reservations & Ticketing
https://jobs.bdjobs.com/jobdetails.asp?id=1005750&fcatId=5&ln=1,General Manager (International/Local Tender Sourcing)
https://jobs.bdjobs.com/jobdetails.asp?id=1006849&fcatId=5&ln=1,Generator Operator
https://jobs.bdjobs.com/jobdetails.asp?id=1006809&fcatId=5&ln=1,CAD Operator
https://jobs.bdjobs.com/jobdetails.asp?id=1006824&fcatId=5&ln=1,Project Manager
https://jobs.bdjobs.com/jobdetails.asp?id=1006821&fcatId=5&ln=1,"Assistant Engineer/ Engineer (Mechanical), Seed Crushing Unit"
https://jobs.bdjobs.com/jobdetails.asp?id=1006811&fcatId=5&ln=1,Quantity Surveyor
https://jobs.bdjobs.com/jobdetails.asp?id=1006797&fcatId=5&ln=1,Manager - CIVIL
https://jobs.bdjobs.com/jobdetails.asp?id=1006771&fcatId=5&ln=1,Machinery Technician
https://jobs.bdjobs.com/jobdetails.asp?id=1006744&fcatId=5&ln=1,General Manager (EI&C)
https://jobs.bdjobs.com/jobdetails.asp?id=1005889&fcatId=5&ln=1,Draftsman (Structural Drawing)
https://jobs.bdjobs.com/jobdetails.asp?id=1006720&fcatId=5&ln=1,Civil Engineer (AutoCAD Specialist)
https://jobs.bdjobs.com/jobdetails.asp?id=1006717&fcatId=5&ln=1,"Executive/ Senior Executive, Engineering Business."
https://jobs.bdjobs.com/jobdetails.asp?id=1006708&fcatId=5&ln=1,"Engineering Manager, Engineering Team."
https://jobs.bdjobs.com/jobdetails.asp?id=1006509&fcatId=5&ln=1,Assistant Engineer - Mechanical/ Electrical/ Instrumentation (Tasnim Chemical Complex Limited)
https://jobs.bdjobs.com/jobdetails.asp?id=1006688&fcatId=5&ln=3,AutoCAD Operator
https://jobs.bdjobs.com/jobdetails.asp?id=1006687&fcatId=5&ln=1,General Manager - Sales and Business Development
https://jobs.bdjobs.com/jobdetails.asp?id=1006611&fcatId=5&ln=1,Site Engineer (Civil)
https://jobs.bdjobs.com/jobdetails.asp?id=1006599&fcatId=5&ln=1,Chemist (TV Production)
https://jobs.bdjobs.com/jobdetails.asp?id=1006583&fcatId=5&ln=1,Sub Assistant Engineer (Sales & service)
https://jobs.bdjobs.com/jobdetails.asp?id=1006577&fcatId=5&ln=1,Institutional Development Expert
https://jobs.bdjobs.com/jobdetails.asp?id=1006807&fcatId=8&ln=1,Technical Lead (Sap & Software Development)
https://jobs.bdjobs.com/jobdetails.asp?id=1006757&fcatId=8&ln=1,Software Engineer (Java)
https://jobs.bdjobs.com/jobdetails.asp?id=1005640&fcatId=8&ln=1,Project Manager
https://jobs.bdjobs.com/jobdetails.asp?id=1006733&fcatId=8&ln=3,Computer Instructor
https://jobs.bdjobs.com/jobdetails.asp?id=1006655&fcatId=8&ln=1,"Executive, MIS"
https://jobs.bdjobs.com/jobdetails.asp?id=1006490&fcatId=8&ln=1,Java Developer
https://jobs.bdjobs.com/jobdetails.asp?id=1006648&fcatId=8&ln=1,"Senior Engineer - IT Systems, Pre-Sales (Re-post)"
https://jobs.bdjobs.com/jobdetails.asp?id=1006702&fcatId=8&ln=1,"Senior Engineer - Network, Pre-Sales (Re-Post)"
https://jobs.bdjobs.com/jobdetails.asp?id=1006669&fcatId=8&ln=1,Database Administrator
https://jobs.bdjobs.com/jobdetails.asp?id=1006650&fcatId=8&ln=1,Senior Programmer
https://jobs.bdjobs.com/jobdetails.asp?id=1005178&fcatId=8&ln=1,Oracle EBS Manufacturing Expert
https://jobs.bdjobs.com/jobdetails.asp?id=1006622&fcatId=8&ln=1,Data Analyst
https://jobs.bdjobs.com/jobdetails.asp?id=1006520&fcatId=8&ln=1,Software Engineer
https://jobs.bdjobs.com/jobdetails.asp?id=1006571&fcatId=8&ln=1,Full Stack Developer
https://jobs.bdjobs.com/jobdetails.asp?id=1006502&fcatId=8&ln=1,Sr. Full Stack Developer
https://jobs.bdjobs.com/jobdetails.asp?id=1006488&fcatId=8&ln=1,System Engineer - NOC (Brilliant Connect & IPTSP)
https://jobs.bdjobs.com/jobdetails.asp?id=1006525&fcatId=8&ln=1,Senior Software Engineer (PHP)
https://jobs.bdjobs.com/jobdetails.asp?id=1006466&fcatId=8&ln=1,Software Engineer/ Senior Software Engineer (Java)
https://jobs.bdjobs.com/jobdetails.asp?id=1006460&fcatId=8&ln=1,IT Executive
https://jobs.bdjobs.com/jobdetails.asp?id=1006772&fcatId=2&ln=3,ABDO/ BDO - Auto Loan
https://jobs.bdjobs.com/jobdetails.asp?id=1006746&fcatId=2&ln=1,Short-Term Consultant
https://jobs.bdjobs.com/jobdetails.asp?id=1006647&fcatId=2&ln=1,Deputy Manager/Assistant Manager - Internal Control & Compliance
https://jobs.bdjobs.com/jobdetails.asp?id=1006682&fcatId=2&ln=1,Creative Visualizer
https://jobs.bdjobs.com/jobdetails.asp?id=1006675&fcatId=2&ln=1,"Associate Manager, Brands and Digital Media"
https://jobs.bdjobs.com/jobdetails.asp?id=1006617&fcatId=2&ln=1,Head of Branch
https://jobs.bdjobs.com/jobdetails.asp?id=1006380&fcatId=2&ln=1,Coordinator - Operations
https://jobs.bdjobs.com/jobdetails.asp?id=1006585&fcatId=2&ln=1,"Trainee Sales Officer (ONE Bank, Credit Card Dept.)"
https://jobs.bdjobs.com/jobdetails.asp?id=1006564&fcatId=2&ln=1,"Manager, App Business, Strategy & Product"
https://jobs.bdjobs.com/jobdetails.asp?id=1006533&fcatId=2&ln=1,ATM Officer
https://jobs.bdjobs.com/jobdetails.asp?id=1006439&fcatId=2&ln=1,TBDO/ ABDO - Contact Point Verification & Technical
https://jobs.bdjobs.com/jobdetails.asp?id=1005996&fcatId=2&ln=3,Branch Manager
https://jobs.bdjobs.com/jobdetails.asp?id=1005936&fcatId=2&ln=1,Gulshan Center Manager
https://jobs.bdjobs.com/jobdetails.asp?id=1005920&fcatId=2&ln=1,Regional AML Compliance Officer
https://jobs.bdjobs.com/jobdetails.asp?id=1005919&fcatId=2&ln=1,Head of Branch Audit & Inspection for ICC Division
https://jobs.bdjobs.com/jobdetails.asp?id=1005913&fcatId=2&ln=1,"Head of Investigation, Procurement Pre-Audit & Exit Clearance for ICC Division"
https://jobs.bdjobs.com/jobdetails.asp?id=1005708&fcatId=2&ln=3,Branch  in-charge
https://jobs.bdjobs.com/jobdetails.asp?id=1005709&fcatId=2&ln=3,Junior Officer/Officer ( Male/Female )
https://jobs.bdjobs.com/jobdetails.asp?id=1005735&fcatId=2&ln=1,Company Secretary
https://jobs.bdjobs.com/jobdetails.asp?id=1005589&fcatId=2&ln=1,Chief Financial Officer (CFO)
https://jobs.bdjobs.com/jobdetails.asp?id=1006429&fcatId=21&ln=1,Manager/Senior Counselor
https://jobs.bdjobs.com/jobdetails.asp?id=1006113&fcatId=21&ln=1,Customer Service Executive - Showroom+Online  (Female)
https://jobs.bdjobs.com/jobdetails.asp?id=1005542&fcatId=21&ln=1,Trainer (Gym)-Male
https://jobs.bdjobs.com/jobdetails.asp?id=1001178&fcatId=21&ln=1,"Beauty Expert, (Beauty Program & Product Sales and Service Consultant)"
https://jobs.bdjobs.com/jobdetails.asp?id=1006863&fcatId=6&ln=1,Officer/ Sr. Officer (HR & Compliance)
https://jobs.bdjobs.com/jobdetails.asp?id=1006857&fcatId=6&ln=1,Officer/ Sr. Officer (HR  & Admin)
https://jobs.bdjobs.com/jobdetails.asp?id=1006851&fcatId=6&ln=1,"Manager, Technical"
https://jobs.bdjobs.com/jobdetails.asp?id=1006815&fcatId=6&ln=1,"Manager, Fire and Safety"
https://jobs.bdjobs.com/jobdetails.asp?id=1006839&fcatId=6&ln=1,Senior Merchandiser (Sweater)
https://jobs.bdjobs.com/jobdetails.asp?id=1006842&fcatId=6&ln=1,Management Trainee (Commercial)
https://jobs.bdjobs.com/jobdetails.asp?id=1006837&fcatId=6&ln=1,Welfare Officer
https://jobs.bdjobs.com/jobdetails.asp?id=1006832&fcatId=6&ln=1,NQC
https://jobs.bdjobs.com/jobdetails.asp?id=1006818&fcatId=6&ln=1,"HR Officer, (Department-HRD)"
https://jobs.bdjobs.com/jobdetails.asp?id=1006806&fcatId=6&ln=1,"General Manager, Production"
https://jobs.bdjobs.com/jobdetails.asp?id=1006750&fcatId=6&ln=1,Asst. Manager/ Manager - Lean & IE (Zaber & Zubair Fabrics Limited - Home Textile)
https://jobs.bdjobs.com/jobdetails.asp?id=1006710&fcatId=6&ln=1,"Assistant Supervisor/ Lab Officer - Footwear, Carton & Ceramic Lab, Dhaka"
https://jobs.bdjobs.com/jobdetails.asp?id=1006745&fcatId=6&ln=1,Sr. Executive - Production Planning & Coordination
https://jobs.bdjobs.com/jobdetails.asp?id=1006496&fcatId=6&ln=1,Supervisor - QC Department
https://jobs.bdjobs.com/jobdetails.asp?id=1006729&fcatId=6&ln=1,AGM (Knitting)
https://jobs.bdjobs.com/jobdetails.asp?id=1006727&fcatId=6&ln=1,AGM (Dyeing - Finishing)
https://jobs.bdjobs.com/jobdetails.asp?id=1006725&fcatId=6&ln=1,Officer (Dyeing - finishing)
https://jobs.bdjobs.com/jobdetails.asp?id=1006711&fcatId=6&ln=1,"Shift In-Charge, Factory"
https://jobs.bdjobs.com/jobdetails.asp?id=1006709&fcatId=6&ln=1,Junior Executive_ Group Procurement_ Corporate Office
https://jobs.bdjobs.com/jobdetails.asp?id=1006704&fcatId=6&ln=1,Assistant Manager - MIS & VAT
https://jobs.bdjobs.com/jobdetails.asp?id=1006813&fcatId=16&ln=1,Call Center Team Leader
https://jobs.bdjobs.com/jobdetails.asp?id=1006731&fcatId=16&ln=3,Executive - Customer Service & Logistics
https://jobs.bdjobs.com/jobdetails.asp?id=1006580&fcatId=16&ln=1,Customer Support Executive
https://jobs.bdjobs.com/jobdetails.asp?id=1006479&fcatId=16&ln=1,Customer Support Officer
https://jobs.bdjobs.com/jobdetails.asp?id=1006487&fcatId=16&ln=1,Trainee (Customer Call Support)
https://jobs.bdjobs.com/jobdetails.asp?id=1006113&fcatId=16&ln=1,Customer Service Executive - Showroom+Online  (Female)
https://jobs.bdjobs.com/jobdetails.asp?id=1006089&fcatId=16&ln=1,Front Desk Executive
https://jobs.bdjobs.com/jobdetails.asp?id=1006139&fcatId=16&ln=1,Maintenance Engineer ( For realme)
https://jobs.bdjobs.com/jobdetails.asp?id=1005997&fcatId=16&ln=1,Telemarketing Executive (Night Shift)
https://jobs.bdjobs.com/jobdetails.asp?id=1005888&fcatId=16&ln=1,"Executive/ Senior Executive, Internal Audit - Labaid Limited (Diagnostics)"
https://jobs.bdjobs.com/jobdetails.asp?id=1005883&fcatId=16&ln=1,"Senior Executive, Customer Service - Labaid Limited (Diagnostics)"
https://jobs.bdjobs.com/jobdetails.asp?id=1005884&fcatId=16&ln=1,International Telemarketing (Call Center Executive)
https://jobs.bdjobs.com/jobdetails.asp?id=1005673&fcatId=16&ln=3,Female Recipient
https://jobs.bdjobs.com/jobdetails.asp?id=1005653&fcatId=16&ln=1,Executive -- Female (Akash -- DTH)
https://jobs.bdjobs.com/jobdetails.asp?id=1005514&fcatId=16&ln=1,Customer Experience Trainer
https://jobs.bdjobs.com/jobdetails.asp?id=1005302&fcatId=16&ln=1,Customer Care Executive (Only Male)
https://jobs.bdjobs.com/jobdetails.asp?id=1005244&fcatId=16&ln=1,Management Trainee (Customer Experience Department)
https://jobs.bdjobs.com/jobdetails.asp?id=1005077&fcatId=16&ln=3,Tele Sales Executive
https://jobs.bdjobs.com/jobdetails.asp?id=1005057&fcatId=16&ln=1,Executive - Customer Relation
https://jobs.bdjobs.com/jobdetails.asp?id=1004948&fcatId=16&ln=1,Client Relationship Manager (NIGHT SHIFT)
https://jobs.bdjobs.com/jobdetails.asp?id=1006528&fcatId=10&ln=1,Creative Content Writer
https://jobs.bdjobs.com/jobdetails.asp?id=1006419&fcatId=10&ln=1,Feature writer
https://jobs.bdjobs.com/jobdetails.asp?id=1006378&fcatId=10&ln=1,Content Writer
https://jobs.bdjobs.com/jobdetails.asp?id=1006157&fcatId=10&ln=1,Feature Reporter
https://jobs.bdjobs.com/jobdetails.asp?id=1006026&fcatId=10&ln=3,Digital Marketer
https://jobs.bdjobs.com/jobdetails.asp?id=1005687&fcatId=10&ln=1,Executive: Social media & Graphic Design
https://jobs.bdjobs.com/jobdetails.asp?id=1005892&fcatId=10&ln=1,City Correspondent (Dhaka)
https://jobs.bdjobs.com/jobdetails.asp?id=1005865&fcatId=10&ln=1,"Sr. Executive, Social Media"
https://jobs.bdjobs.com/jobdetails.asp?id=1005825&fcatId=10&ln=1,Public Relations (PR) Specialist
https://jobs.bdjobs.com/jobdetails.asp?id=1005581&fcatId=10&ln=1,Junior Staff Correspondent
https://jobs.bdjobs.com/jobdetails.asp?id=1005404&fcatId=10&ln=1,Creative Content Writer (English)
https://jobs.bdjobs.com/jobdetails.asp?id=1005470&fcatId=10&ln=1,Trainee Broadcast Journalist (Any Desk for News Room)
https://jobs.bdjobs.com/jobdetails.asp?id=1005366&fcatId=10&ln=1,Copy Writer/ Script Writer
https://jobs.bdjobs.com/jobdetails.asp?id=1004750&fcatId=10&ln=1,News Presenter
https://jobs.bdjobs.com/jobdetails.asp?id=1005285&fcatId=10&ln=1,"Manager, Operation & Client Servicing"
https://jobs.bdjobs.com/jobdetails.asp?id=1005289&fcatId=10&ln=1,"Account Director, Operation & Client Servicing"
https://jobs.bdjobs.com/jobdetails.asp?id=1005248&fcatId=10&ln=2,ভিডিও এডিটর/  ডিজিটাল মাল্টিমিডিয়া
https://jobs.bdjobs.com/jobdetails.asp?id=1005072&fcatId=10&ln=1,Trainee Content Writer (Bangla & English)
https://jobs.bdjobs.com/jobdetails.asp?id=1004812&fcatId=10&ln=1,"Executive, Digital Marketing"
https://jobs.bdjobs.com/jobdetails.asp?id=1004793&fcatId=10&ln=2,"সংবাদদাতা ( বিভাগীয়,জেলা.উপজেলা,থানা,বিশ্ববিদ্যালয়)"
https://jobs.bdjobs.com/jobdetails.asp?id=1006810&fcatId=9&ln=2,মার্কেটিং এক্সিকিউটিউভ
https://jobs.bdjobs.com/jobdetails.asp?id=1006878&fcatId=9&ln=1,Marketing Officer- Hospital
https://jobs.bdjobs.com/jobdetails.asp?id=1006874&fcatId=9&ln=1,Executive-Digital Marketing
https://jobs.bdjobs.com/jobdetails.asp?id=1006866&fcatId=9&ln=1,Sales & Credit Officer
https://jobs.bdjobs.com/jobdetails.asp?id=1006839&fcatId=9&ln=1,Senior Merchandiser (Sweater)
https://jobs.bdjobs.com/jobdetails.asp?id=1006414&fcatId=9&ln=1,Sr. Manager/ Manager - Marketing
https://jobs.bdjobs.com/jobdetails.asp?id=1006749&fcatId=9&ln=1,Sales Executive / Sr. Sales Executive
https://jobs.bdjobs.com/jobdetails.asp?id=1006793&fcatId=9&ln=1,Marketing Officer
https://jobs.bdjobs.com/jobdetails.asp?id=1006752&fcatId=9&ln=1,Executive/ Sr. Executive - Sales
https://jobs.bdjobs.com/jobdetails.asp?id=1006568&fcatId=9&ln=1,General Manager - Head of Sales & Marketing
https://jobs.bdjobs.com/jobdetails.asp?id=1006724&fcatId=9&ln=1,Executive (Direct Sales)
https://jobs.bdjobs.com/jobdetails.asp?id=1006726&fcatId=9&ln=2,মার্কেটিং এক্সিকিউটিভ অফিসার
https://jobs.bdjobs.com/jobdetails.asp?id=1006672&fcatId=9&ln=1,Executive - Marketing and Business Development
https://jobs.bdjobs.com/jobdetails.asp?id=1006716&fcatId=9&ln=1,Sr. Executive/ Executive (Sales & Marketing) - Nationwide
https://jobs.bdjobs.com/jobdetails.asp?id=1006714&fcatId=9&ln=1,Sales Manager - Nationwide
https://jobs.bdjobs.com/jobdetails.asp?id=1006683&fcatId=9&ln=1,Medical Promotion Officer
https://jobs.bdjobs.com/jobdetails.asp?id=1006698&fcatId=9&ln=1,Marketing Officer - Male
https://jobs.bdjobs.com/jobdetails.asp?id=1006687&fcatId=9&ln=1,General Manager - Sales and Business Development
https://jobs.bdjobs.com/jobdetails.asp?id=1006679&fcatId=9&ln=1,Zonal Manager
https://jobs.bdjobs.com/jobdetails.asp?id=1006674&fcatId=9&ln=1,Sales Executive
https://jobs.bdjobs.com/jobdetails.asp?id=1006885&fcatId=11&ln=1,Eye Drop Checker
https://jobs.bdjobs.com/jobdetails.asp?id=1006879&fcatId=11&ln=1,Assistant/ Deputy Production Manager
https://jobs.bdjobs.com/jobdetails.asp?id=1006841&fcatId=11&ln=1,Pharmacist
https://jobs.bdjobs.com/jobdetails.asp?id=1006756&fcatId=11&ln=3,Lecturer
https://jobs.bdjobs.com/jobdetails.asp?id=1006753&fcatId=11&ln=3,Assistant Professor
https://jobs.bdjobs.com/jobdetails.asp?id=1006743&fcatId=11&ln=3,Associate Professor
https://jobs.bdjobs.com/jobdetails.asp?id=1006700&fcatId=11&ln=3,Staff Nurse
https://jobs.bdjobs.com/jobdetails.asp?id=1006696&fcatId=11&ln=1,Resident Medical Officer
https://jobs.bdjobs.com/jobdetails.asp?id=1006645&fcatId=11&ln=1,"Medical Technologist (Lab), Dept. of Pathology"
https://jobs.bdjobs.com/jobdetails.asp?id=1006730&fcatId=11&ln=1,Medical Assistant
https://jobs.bdjobs.com/jobdetails.asp?id=1006606&fcatId=11&ln=1,Sr. Officer/ Officer - Admission & Billing For LONG LIFE HOSPITAL LTD
https://jobs.bdjobs.com/jobdetails.asp?id=1006678&fcatId=11&ln=1,"Group Leader Formulation, Analytical Development"
https://jobs.bdjobs.com/jobdetails.asp?id=1006676&fcatId=11&ln=1,"Group Leader Formulation, Research & Development"
https://jobs.bdjobs.com/jobdetails.asp?id=1006657&fcatId=11&ln=1,Clinic Doctor (Female)
https://jobs.bdjobs.com/jobdetails.asp?id=1006660&fcatId=11&ln=2,ফার্মাসিস্ট / বিক্রয়কর্মী
https://jobs.bdjobs.com/jobdetails.asp?id=1006584&fcatId=11&ln=1,Sonologist (HOPE - UNFPA Quick Medical Response for the new Rohingya Influx Project)
https://jobs.bdjobs.com/jobdetails.asp?id=1006643&fcatId=11&ln=2,নার্সিং ইনষ্ট্রাকটর
https://jobs.bdjobs.com/jobdetails.asp?id=1006579&fcatId=11&ln=1,Assistant Manager - HR & Admin LONG LIFE HOSPITAL LTD
https://jobs.bdjobs.com/jobdetails.asp?id=1006578&fcatId=11&ln=1,OT In-Charge for LONG LIFE HOSPITAL LTD
https://jobs.bdjobs.com/jobdetails.asp?id=1006563&fcatId=11&ln=1,Product Executive / Senior Product Executive
https://jobs.bdjobs.com/jobdetails.asp?id=1006877&fcatId=23&ln=1,Electrician (FULL - TIME)
https://jobs.bdjobs.com/jobdetails.asp?id=1006513&fcatId=23&ln=2,এসি টেকনেশিয়ান
https://jobs.bdjobs.com/jobdetails.asp?id=1006524&fcatId=23&ln=1,Sr. Technician/ Technician - Motor Workshop
https://jobs.bdjobs.com/jobdetails.asp?id=1006516&fcatId=23&ln=1,Sr. Technician/ Technician - Control & Instrumentation
https://jobs.bdjobs.com/jobdetails.asp?id=1006500&fcatId=23&ln=1,Sr. Technician/ Technician - Electrical (Maintenance)
https://jobs.bdjobs.com/jobdetails.asp?id=1006315&fcatId=23&ln=2,সিসিটিভি টেকনেশিয়ান
https://jobs.bdjobs.com/jobdetails.asp?id=1006066&fcatId=23&ln=1,Forman - Electrical and Mechanical (Geotextile)
https://jobs.bdjobs.com/jobdetails.asp?id=1005737&fcatId=23&ln=1,Assistant Manger (Maintenance Engineer)
https://jobs.bdjobs.com/jobdetails.asp?id=1005674&fcatId=23&ln=2,বিল্ডিং সুপারভাইজার
https://jobs.bdjobs.com/jobdetails.asp?id=1005519&fcatId=23&ln=1,Electro Mechanical
https://jobs.bdjobs.com/jobdetails.asp?id=1005451&fcatId=23&ln=1,Engineer
https://jobs.bdjobs.com/jobdetails.asp?id=1005382&fcatId=23&ln=3,Hardware Engineer (khulna)
https://jobs.bdjobs.com/jobdetails.asp?id=1004287&fcatId=23&ln=1,Electronic Technician
https://jobs.bdjobs.com/jobdetails.asp?id=1004305&fcatId=23&ln=1,Foreman / Assistant Foreman (Electrical)
https://jobs.bdjobs.com/jobdetails.asp?id=1004561&fcatId=23&ln=2,ইলেকট্রিশিয়ান
https://jobs.bdjobs.com/jobdetails.asp?id=1003421&fcatId=23&ln=1,Electric Engineer
https://jobs.bdjobs.com/jobdetails.asp?id=1003376&fcatId=23&ln=2,অর্গান ওয়েল্ডার
https://jobs.bdjobs.com/jobdetails.asp?id=1003131&fcatId=23&ln=2,"টেকনিশিয়ান - পিএবিএক্স মেশিন, সেট, টেলিফোন লাইন (PABX)"
https://jobs.bdjobs.com/jobdetails.asp?id=1003112&fcatId=23&ln=2,টেকনিশিয়ান - ফটোকপি মেশিন
https://jobs.bdjobs.com/jobdetails.asp?id=1002760&fcatId=23&ln=1,Electrician (FULL - TIME)
https://jobs.bdjobs.com/jobdetails.asp?id=1006697&fcatId=26&ln=1,"Centre In Charge, (For Akij Food & Beverage Ltd. Chilling Centre)"
https://jobs.bdjobs.com/jobdetails.asp?id=1006334&fcatId=26&ln=1,"Product Executive, Animal Health"
https://jobs.bdjobs.com/jobdetails.asp?id=1006420&fcatId=26&ln=2,"জুনিয়র অফিসার, সেলস অ্যান্ড মার্কেটিং"
https://jobs.bdjobs.com/jobdetails.asp?id=1006287&fcatId=26&ln=1,"Product Development Executive, Pesticide"
https://jobs.bdjobs.com/jobdetails.asp?id=1006324&fcatId=26&ln=1,Assistant Marketing Officer/ Marketing Officer
https://jobs.bdjobs.com/jobdetails.asp?id=1006270&fcatId=26&ln=2,Finance and Procurement Officer
https://jobs.bdjobs.com/jobdetails.asp?id=1006165&fcatId=26&ln=1,Fisheries Officer
https://jobs.bdjobs.com/jobdetails.asp?id=1004104&fcatId=26&ln=1,"Assistant Sales Manager (Chattogram,Sylhet & Barishal Division)"
https://jobs.bdjobs.com/jobdetails.asp?id=1006013&fcatId=26&ln=1,Electrician - Production
https://jobs.bdjobs.com/jobdetails.asp?id=1005829&fcatId=26&ln=1,Assistant Manager/ Deputy Manager (Breeder Farms Operations)
https://jobs.bdjobs.com/jobdetails.asp?id=1005759&fcatId=26&ln=1,Production Control Room Operator (Feed Production)
https://jobs.bdjobs.com/jobdetails.asp?id=1005753&fcatId=26&ln=1,Executive - Admin & HR
https://jobs.bdjobs.com/jobdetails.asp?id=1005473&fcatId=26&ln=1,Doctor of Veterinary Medicine (DVM)
https://jobs.bdjobs.com/jobdetails.asp?id=1005667&fcatId=26&ln=1,Gardener
https://jobs.bdjobs.com/jobdetails.asp?id=1005540&fcatId=26&ln=1,Veterinary Doctor
https://jobs.bdjobs.com/jobdetails.asp?id=1002755&fcatId=26&ln=1,"Business Development Officer (Pharmacist), Corporate Business"
https://jobs.bdjobs.com/jobdetails.asp?id=1005445&fcatId=26&ln=2,টিস্যু কালচার কারিগর
https://jobs.bdjobs.com/jobdetails.asp?id=1005384&fcatId=26&ln=1,Feed Mill Consultant
https://jobs.bdjobs.com/jobdetails.asp?id=1005039&fcatId=26&ln=1,Jr. Executive (Horticulture) US Bangla Assets Ltd.
https://jobs.bdjobs.com/jobdetails.asp?id=1006860&fcatId=12&ln=1,Head of Technical School
https://jobs.bdjobs.com/jobdetails.asp?id=1006845&fcatId=12&ln=1,Market System & Capacity Building Specialist
https://jobs.bdjobs.com/jobdetails.asp?id=1006836&fcatId=12&ln=1,Project Officer
https://jobs.bdjobs.com/jobdetails.asp?id=1006816&fcatId=12&ln=1,Finance & Admin Officer
https://jobs.bdjobs.com/jobdetails.asp?id=1006799&fcatId=12&ln=1,Monitoring & Evaluation Officer
https://jobs.bdjobs.com/jobdetails.asp?id=1006796&fcatId=12&ln=1,Project Manager
https://jobs.bdjobs.com/jobdetails.asp?id=1006764&fcatId=12&ln=3,Trainer - Caregiving
https://jobs.bdjobs.com/jobdetails.asp?id=1006760&fcatId=12&ln=3,Senior Trainer - Caregiving
https://jobs.bdjobs.com/jobdetails.asp?id=1006758&fcatId=12&ln=3,Principal - Caregiving
https://jobs.bdjobs.com/jobdetails.asp?id=1006756&fcatId=12&ln=3,Lecturer
https://jobs.bdjobs.com/jobdetails.asp?id=1006753&fcatId=12&ln=3,Assistant Professor
https://jobs.bdjobs.com/jobdetails.asp?id=1006743&fcatId=12&ln=3,Associate Professor
https://jobs.bdjobs.com/jobdetails.asp?id=1006739&fcatId=12&ln=1,Protection Associate
https://jobs.bdjobs.com/jobdetails.asp?id=1006738&fcatId=12&ln=1,Senior Protection Assistant
https://jobs.bdjobs.com/jobdetails.asp?id=1006736&fcatId=12&ln=1,Protection Associate
https://jobs.bdjobs.com/jobdetails.asp?id=1006651&fcatId=12&ln=1,Programme Officer
https://jobs.bdjobs.com/jobdetails.asp?id=1006733&fcatId=12&ln=3,Computer Instructor
https://jobs.bdjobs.com/jobdetails.asp?id=1006695&fcatId=12&ln=1,Project Officer
https://jobs.bdjobs.com/jobdetails.asp?id=1006701&fcatId=12&ln=1,MIS Officer
https://jobs.bdjobs.com/jobdetails.asp?id=1006713&fcatId=15&ln=2,কম্পিউটার অপারেটর
https://jobs.bdjobs.com/jobdetails.asp?id=1006621&fcatId=15&ln=1,Computer Operator
https://jobs.bdjobs.com/jobdetails.asp?id=1006592&fcatId=15&ln=2,কম্পিউটার অপারেটর
https://jobs.bdjobs.com/jobdetails.asp?id=1006087&fcatId=15&ln=1,Data Collect/Entry Operator (Production)
https://jobs.bdjobs.com/jobdetails.asp?id=1005984&fcatId=15&ln=3,Junior Executive
https://jobs.bdjobs.com/jobdetails.asp?id=1005872&fcatId=15&ln=2,কম্পিউটার অপারেটর
https://jobs.bdjobs.com/jobdetails.asp?id=1005738&fcatId=15&ln=3,Data Entry Operator
https://jobs.bdjobs.com/jobdetails.asp?id=1005563&fcatId=15&ln=3,Computer Operator cum Office Assistant
https://jobs.bdjobs.com/jobdetails.asp?id=1005484&fcatId=15&ln=1,Tally Software Operator cum Accounts Assistant
https://jobs.bdjobs.com/jobdetails.asp?id=1005261&fcatId=15&ln=3,Data Entry Operator
https://jobs.bdjobs.com/jobdetails.asp?id=1005243&fcatId=15&ln=1,Computer Operator
https://jobs.bdjobs.com/jobdetails.asp?id=1005299&fcatId=15&ln=2,রিসিপশনিস্ট-কাম কম্পিউটার অপারেটর (মহিলা)
https://jobs.bdjobs.com/jobdetails.asp?id=1004542&fcatId=15&ln=3,Executive - IT
https://jobs.bdjobs.com/jobdetails.asp?id=1004280&fcatId=15&ln=1,Data Entry Operator (Work at Office)
https://jobs.bdjobs.com/jobdetails.asp?id=1004118&fcatId=15&ln=1,Office Coordinator
https://jobs.bdjobs.com/jobdetails.asp?id=1003996&fcatId=15&ln=2,কম্পিউটার অপারেটর
https://jobs.bdjobs.com/jobdetails.asp?id=1003772&fcatId=15&ln=2,কম্পিউটার অপারেটর
https://jobs.bdjobs.com/jobdetails.asp?id=1003525&fcatId=15&ln=3,Computer Operator & Typist
https://jobs.bdjobs.com/jobdetails.asp?id=1003250&fcatId=15&ln=3,Computer Operator
https://jobs.bdjobs.com/jobdetails.asp?id=1003623&fcatId=15&ln=1,Data Entry Operator
https://jobs.bdjobs.com/jobdetails.asp?id=1006775&fcatId=14&ln=1,Asst. Officer - Front Desk
https://jobs.bdjobs.com/jobdetails.asp?id=1006792&fcatId=14&ln=1,Telephone Operator (Reception)
https://jobs.bdjobs.com/jobdetails.asp?id=962327&fcatId=14&ln=3,Receptionist
https://jobs.bdjobs.com/jobdetails.asp?id=1006686&fcatId=14&ln=1,Office Executive (Front Desk)
https://jobs.bdjobs.com/jobdetails.asp?id=1006620&fcatId=14&ln=1,PA/PS to Managing Director
https://jobs.bdjobs.com/jobdetails.asp?id=1006630&fcatId=14&ln=1,Executive (Front Desk)
https://jobs.bdjobs.com/jobdetails.asp?id=1006607&fcatId=14&ln=1,PS to Managing Director
https://jobs.bdjobs.com/jobdetails.asp?id=1006554&fcatId=14&ln=2,সিকিউরিটি গার্ড
https://jobs.bdjobs.com/jobdetails.asp?id=1006481&fcatId=14&ln=1,"Jr. Executive, Front Desk"
https://jobs.bdjobs.com/jobdetails.asp?id=1006345&fcatId=14&ln=1,Front Desk Receptionist (Female)
https://jobs.bdjobs.com/jobdetails.asp?id=1006176&fcatId=14&ln=1,Front Desk Executive
https://jobs.bdjobs.com/jobdetails.asp?id=1006188&fcatId=14&ln=1,Front Desk Executive cum Office Coordinator
https://jobs.bdjobs.com/jobdetails.asp?id=1005841&fcatId=14&ln=1,Receptionist
https://jobs.bdjobs.com/jobdetails.asp?id=1005848&fcatId=14&ln=1,Office Associate/ Associate to Front Desk Officer
https://jobs.bdjobs.com/jobdetails.asp?id=1005797&fcatId=14&ln=1,Personal Secretary to Chairman
https://jobs.bdjobs.com/jobdetails.asp?id=1005766&fcatId=14&ln=1,PA to Managing Director
https://jobs.bdjobs.com/jobdetails.asp?id=1005731&fcatId=14&ln=1,Executive/ Sr. Executive - CEO`s Department
https://jobs.bdjobs.com/jobdetails.asp?id=1005626&fcatId=14&ln=1,"Executive, Front Desk/ Reception"
https://jobs.bdjobs.com/jobdetails.asp?id=1005415&fcatId=14&ln=1,Guest Service Agent
https://jobs.bdjobs.com/jobdetails.asp?id=1004670&fcatId=14&ln=1,Front Desk Executive
https://jobs.bdjobs.com/jobdetails.asp?id=1006455&fcatId=25&ln=2,ড্রাইভার
https://jobs.bdjobs.com/jobdetails.asp?id=1006351&fcatId=25&ln=2,ড্রাইভার - অফিস ডিউটি
https://jobs.bdjobs.com/jobdetails.asp?id=1006224&fcatId=25&ln=2,ড্রাইভার (প্রাইভেট কার)
https://jobs.bdjobs.com/jobdetails.asp?id=1005926&fcatId=25&ln=2,ড্রাইভার
https://jobs.bdjobs.com/jobdetails.asp?id=1005820&fcatId=25&ln=2,ড্রাইভার
https://jobs.bdjobs.com/jobdetails.asp?id=1005811&fcatId=25&ln=2,গাড়ী চালক
https://jobs.bdjobs.com/jobdetails.asp?id=1005650&fcatId=25&ln=2,প্রাডো গাড়ির ড্রাইভার
https://jobs.bdjobs.com/jobdetails.asp?id=1005365&fcatId=25&ln=1,Driver
https://jobs.bdjobs.com/jobdetails.asp?id=1005496&fcatId=25&ln=2,মোটরসাইকেল টেকনিশিয়ান
https://jobs.bdjobs.com/jobdetails.asp?id=1005315&fcatId=25&ln=3,Car Driver Cum Office Assistant
https://jobs.bdjobs.com/jobdetails.asp?id=1004489&fcatId=25&ln=2,Driver (Delivery Van)
https://jobs.bdjobs.com/jobdetails.asp?id=1004171&fcatId=25&ln=3,Officer - Maintenance
https://jobs.bdjobs.com/jobdetails.asp?id=1003933&fcatId=25&ln=3,Delivery Man
https://jobs.bdjobs.com/jobdetails.asp?id=1003696&fcatId=25&ln=2,Driver
https://jobs.bdjobs.com/jobdetails.asp?id=979316&fcatId=25&ln=2,ড্রাইভার (এ্যাম্বুলেন্স)
https://jobs.bdjobs.com/jobdetails.asp?id=1002593&fcatId=25&ln=2,ড্রাইভার
https://jobs.bdjobs.com/jobdetails.asp?id=1002122&fcatId=25&ln=2,ড্রাইভার
https://jobs.bdjobs.com/jobdetails.asp?id=1002030&fcatId=25&ln=3,Driver
https://jobs.bdjobs.com/jobdetails.asp?id=1001674&fcatId=25&ln=2,ড্রাইভার
https://jobs.bdjobs.com/jobdetails.asp?id=1001718&fcatId=25&ln=3,Automobile Engineer
https://jobs.bdjobs.com/jobdetails.asp?id=1006765&fcatId=13&ln=1,Operations Specialist
https://jobs.bdjobs.com/jobdetails.asp?id=1006544&fcatId=13&ln=1,Counselor cum File Processing Executive
https://jobs.bdjobs.com/jobdetails.asp?id=1006282&fcatId=13&ln=1,Project Manager-Pep++
https://jobs.bdjobs.com/jobdetails.asp?id=1006300&fcatId=13&ln=1,Senior Research Lead
https://jobs.bdjobs.com/jobdetails.asp?id=1006296&fcatId=13&ln=1,Research Officer (Score)
https://jobs.bdjobs.com/jobdetails.asp?id=1005713&fcatId=13&ln=1,Executive/ Sr. Executive - Business Analyst
https://jobs.bdjobs.com/jobdetails.asp?id=1005495&fcatId=13&ln=1,Interagency Quality Assurance Officer
https://jobs.bdjobs.com/jobdetails.asp?id=1005498&fcatId=13&ln=1,Emergency Referral Vehicle Management Assistant
https://jobs.bdjobs.com/jobdetails.asp?id=1005497&fcatId=13&ln=1,"Consultant for Capacity Building, Documentation and Research"
https://jobs.bdjobs.com/jobdetails.asp?id=1005408&fcatId=13&ln=2,ফিল্ড ইনভেস্টিগেটর (তথ্য সংগ্রহকারী বা ইন্টারভিউয়ার)
https://jobs.bdjobs.com/jobdetails.asp?id=1005121&fcatId=13&ln=1,Research Assistant
https://jobs.bdjobs.com/jobdetails.asp?id=1004999&fcatId=13&ln=1,Executive - Sustainability
https://jobs.bdjobs.com/jobdetails.asp?id=1004943&fcatId=13&ln=1,Research Associate (Waste & Environment)
https://jobs.bdjobs.com/jobdetails.asp?id=1004517&fcatId=13&ln=3,Surveyor for social data collection
https://jobs.bdjobs.com/jobdetails.asp?id=1003777&fcatId=13&ln=1,Research Analyst
https://jobs.bdjobs.com/jobdetails.asp?id=1003676&fcatId=13&ln=1,Senior Executive Officer
https://jobs.bdjobs.com/jobdetails.asp?id=1002528&fcatId=13&ln=1,Admissions/ Immigration Counsellor
https://jobs.bdjobs.com/jobdetails.asp?id=1002256&fcatId=13&ln=3,Junior Consultant
https://jobs.bdjobs.com/jobdetails.asp?id=1002057&fcatId=13&ln=1,Research Associate
https://jobs.bdjobs.com/jobdetails.asp?id=1001862&fcatId=13&ln=1,Language Documentation Expert
https://jobs.bdjobs.com/jobdetails.asp?id=1005911&fcatId=24&ln=2,এক্সিকিউটিভ
https://jobs.bdjobs.com/jobdetails.asp?id=1005916&fcatId=24&ln=2,জুনিয়র এক্সিকিউটিভ
https://jobs.bdjobs.com/jobdetails.asp?id=1005703&fcatId=24&ln=1,Executive (CCTV Monitoring)
https://jobs.bdjobs.com/jobdetails.asp?id=1005701&fcatId=24&ln=2,সিকিউরিটি গার্ড
https://jobs.bdjobs.com/jobdetails.asp?id=1005744&fcatId=24&ln=1,Security Officer
https://jobs.bdjobs.com/jobdetails.asp?id=1005733&fcatId=24&ln=1,Security Havildar
https://jobs.bdjobs.com/jobdetails.asp?id=1005676&fcatId=24&ln=2,নিরাপত্তা কর্মী
https://jobs.bdjobs.com/jobdetails.asp?id=1005596&fcatId=24&ln=1,Asst. Manager - Security
https://jobs.bdjobs.com/jobdetails.asp?id=1005588&fcatId=24&ln=3,Security Guard
https://jobs.bdjobs.com/jobdetails.asp?id=1005303&fcatId=24&ln=2,কেয়ারটেকার
https://jobs.bdjobs.com/jobdetails.asp?id=1005149&fcatId=24&ln=2,সিকিউরিটি গার্ড
https://jobs.bdjobs.com/jobdetails.asp?id=1005134&fcatId=24&ln=2,সিকিউরিটি সুপারভাইজার
https://jobs.bdjobs.com/jobdetails.asp?id=1005029&fcatId=24&ln=1,Security Officer
https://jobs.bdjobs.com/jobdetails.asp?id=1004912&fcatId=24&ln=3,Security Guard
https://jobs.bdjobs.com/jobdetails.asp?id=1004893&fcatId=24&ln=2,সিকিউরিটি গার্ড
https://jobs.bdjobs.com/jobdetails.asp?id=1004563&fcatId=24&ln=2,এমএল এস এস
https://jobs.bdjobs.com/jobdetails.asp?id=1004131&fcatId=24&ln=3,Security Officer
https://jobs.bdjobs.com/jobdetails.asp?id=1004175&fcatId=24&ln=2,অফিস অ্যাসিস্ট্যান্ট/ Office Assistant
https://jobs.bdjobs.com/jobdetails.asp?id=1004129&fcatId=24&ln=1,Deputy Assistant Manager/Assistant Manager
https://jobs.bdjobs.com/jobdetails.asp?id=1003862&fcatId=24&ln=3,Security Supervisor
https://jobs.bdjobs.com/jobdetails.asp?id=1006880&fcatId=22&ln=1,Associate Lawyer for Documentation
https://jobs.bdjobs.com/jobdetails.asp?id=1006367&fcatId=22&ln=1,Regulatory Manager (Compliance)
https://jobs.bdjobs.com/jobdetails.asp?id=1006357&fcatId=22&ln=1,Legal Executive
https://jobs.bdjobs.com/jobdetails.asp?id=1005784&fcatId=22&ln=1,"Sr. Executive, Corporate Affairs"
https://jobs.bdjobs.com/jobdetails.asp?id=1005595&fcatId=22&ln=1,Executive (Rental Project & Utility)
https://jobs.bdjobs.com/jobdetails.asp?id=1005590&fcatId=22&ln=1,Sr. Executive (Estate)
https://jobs.bdjobs.com/jobdetails.asp?id=1005530&fcatId=22&ln=1,Assistant Manager / Manager (Legal)
https://jobs.bdjobs.com/jobdetails.asp?id=1005130&fcatId=22&ln=1,Sr. Executive/ Asst. Manager - Legal Affairs
https://jobs.bdjobs.com/jobdetails.asp?id=1004787&fcatId=22&ln=1,Assistant Manager / Manager - Legal
https://jobs.bdjobs.com/jobdetails.asp?id=1004307&fcatId=22&ln=1,Assistant Manager/Deputy Manager - Land & Logistics
https://jobs.bdjobs.com/jobdetails.asp?id=1004726&fcatId=22&ln=1,"Executive/ Sr. Executive, Legal & Documentation (Sales & Marketing)"
https://jobs.bdjobs.com/jobdetails.asp?id=1003654&fcatId=22&ln=1,"Officer, Documentation"
https://jobs.bdjobs.com/jobdetails.asp?id=1004107&fcatId=22&ln=1,"Executive, Legal and Estate"
https://jobs.bdjobs.com/jobdetails.asp?id=1003870&fcatId=22&ln=1,"Executive, Land & Estate"
https://jobs.bdjobs.com/jobdetails.asp?id=1003528&fcatId=22&ln=3,"Manager, Legal"
https://jobs.bdjobs.com/jobdetails.asp?id=1003239&fcatId=22&ln=1,Junior Legal Counsel
https://jobs.bdjobs.com/jobdetails.asp?id=1002891&fcatId=22&ln=3,Lawyer
https://jobs.bdjobs.com/jobdetails.asp?id=1001751&fcatId=22&ln=1,Executive (Legal Affairs)
https://jobs.bdjobs.com/jobdetails.asp?id=999892&fcatId=22&ln=1,Sr. Executive/ Assistant Manager - Legal
https://jobs.bdjobs.com/jobdetails.asp?id=999774&fcatId=22&ln=1,"Manager, Legal & Secretarial"
https://jobs.bdjobs.com/jobdetails.asp?id=1006868&fcatId=-10&ln=2,মালি (বাগান পরিচর্যার জন্য)
https://jobs.bdjobs.com/jobdetails.asp?id=1006722&fcatId=-10&ln=2,মেয়ে/মহিলা কারখানা কর্মী
https://jobs.bdjobs.com/jobdetails.asp?id=1006719&fcatId=-10&ln=1,"Esquire group presents Young Professionals Programme, 2022"
https://jobs.bdjobs.com/jobdetails.asp?id=1006256&fcatId=-10&ln=3,Junior Management Assistant (Female)
https://jobs.bdjobs.com/jobdetails.asp?id=1006279&fcatId=-10&ln=2,Delivery Rider
https://jobs.bdjobs.com/jobdetails.asp?id=1006161&fcatId=-10&ln=2,ডেলিভারি ম্যান
https://jobs.bdjobs.com/jobdetails.asp?id=1006195&fcatId=-10&ln=1,NDT Technician for Romania
https://jobs.bdjobs.com/jobdetails.asp?id=1006191&fcatId=-10&ln=1,NDT Technician for Romania
https://jobs.bdjobs.com/jobdetails.asp?id=1006046&fcatId=-10&ln=3,Lab Assistant
https://jobs.bdjobs.com/jobdetails.asp?id=1006103&fcatId=-10&ln=2,ফার্ম কেয়ারটেকার
https://jobs.bdjobs.com/jobdetails.asp?id=1005970&fcatId=-10&ln=1,Lift Operator
https://jobs.bdjobs.com/jobdetails.asp?id=1005922&fcatId=-10&ln=2,দক্ষ/ অদক্ষ কর্মী
https://jobs.bdjobs.com/jobdetails.asp?id=1005661&fcatId=-10&ln=2,সেলাই কারিগর
https://jobs.bdjobs.com/jobdetails.asp?id=1005659&fcatId=-10&ln=2,কাটিং মাস্টার
https://jobs.bdjobs.com/jobdetails.asp?id=1005760&fcatId=-10&ln=1,Delivery Man (Biker)
https://jobs.bdjobs.com/jobdetails.asp?id=1005629&fcatId=-10&ln=1,Lathe Machine Operator for Romania
https://jobs.bdjobs.com/jobdetails.asp?id=1005428&fcatId=-10&ln=1,Recovery Officer
https://jobs.bdjobs.com/jobdetails.asp?id=1005306&fcatId=-10&ln=3,Thai Aluminium and Glass Worker/ Fabricator
https://jobs.bdjobs.com/jobdetails.asp?id=1004945&fcatId=-10&ln=3,International Communications Officer
