Category|Link
Accounting/Finance|https://jobs.bdjobs.com/jobsearch.asp?fcatId=1&icatId=
Bank/ Non-Bank Fin. Institution|https://jobs.bdjobs.com/jobsearch.asp?fcatId=2&icatId=
Commercial/Supply Chain|https://jobs.bdjobs.com/jobsearch.asp?fcatId=3&icatId=
Education/Training|https://jobs.bdjobs.com/jobsearch.asp?fcatId=4&icatId=
Engineer/Architects|https://jobs.bdjobs.com/jobsearch.asp?fcatId=5&icatId=
Garments/Textile|https://jobs.bdjobs.com/jobsearch.asp?fcatId=6&icatId=
HR/Org. Development|https://jobs.bdjobs.com/jobsearch.asp?fcatId=17&icatId=
Gen Mgt/Admin|https://jobs.bdjobs.com/jobsearch.asp?fcatId=7&icatId=
Design/Creative|https://jobs.bdjobs.com/jobsearch.asp?fcatId=18&icatId=
Production/Operation|https://jobs.bdjobs.com/jobsearch.asp?fcatId=19&icatId=
Hospitality/ Travel/ Tourism|https://jobs.bdjobs.com/jobsearch.asp?fcatId=20&icatId=
Beauty Care/ Health & Fitness|https://jobs.bdjobs.com/jobsearch.asp?fcatId=21&icatId=
Electrician/ Construction/ Repair|https://jobs.bdjobs.com/jobsearch.asp?fcatId=23&icatId=
IT & Telecommunication|https://jobs.bdjobs.com/jobsearch.asp?fcatId=8&icatId=
Marketing/Sales|https://jobs.bdjobs.com/jobsearch.asp?fcatId=9&icatId=
 Customer Support/Call Centre|https://jobs.bdjobs.com/jobsearch.asp?fcatId=16&icatId=
Media/Advertisement/Event Mgt.|https://jobs.bdjobs.com/jobsearch.asp?fcatId=10&icatId=
Medical/Pharma|https://jobs.bdjobs.com/jobsearch.asp?fcatId=11&icatId=
Agro (Plant/Animal/Fisheries)|https://jobs.bdjobs.com/jobsearch.asp?fcatId=26&icatId=
NGO/Development|https://jobs.bdjobs.com/jobsearch.asp?fcatId=12&icatId=
Research/Consultancy|https://jobs.bdjobs.com/jobsearch.asp?fcatId=13&icatId=
Secretary/Receptionist|https://jobs.bdjobs.com/jobsearch.asp?fcatId=14&icatId=
Data Entry/Operator/BPO|https://jobs.bdjobs.com/jobsearch.asp?fcatId=15&icatId=
Driving/Motor Technician|https://jobs.bdjobs.com/jobsearch.asp?fcatId=25&icatId=
Security/Support Service|https://jobs.bdjobs.com/jobsearch.asp?fcatId=24&icatId=
Law/Legal|https://jobs.bdjobs.com/jobsearch.asp?fcatId=22&icatId=
Others|https://jobs.bdjobs.com/jobsearch.asp?fcatId=-10&icatId=
